id,wallet
0,2m5HG9mYarFgPSm5bQDye93nSiN5NrWr77UM2UYxzf8BTiREszr26vyP9VVeDbgiAAXnxc37cmRi933ASVgL3PsH
1,osVBch7tEjQQRQwD76zPYJU2VuvJDgvtiLLoXdKM5Qg6g5fY2N9aSpyFoonA87z9xX9VVFNnQFV2YL5SubRde1W
2,66Mvstiy83VdXyu3yu5SyaGPpbozbhfAbMETjXH57yXRHmgKVpxFkJPfhdDycjmBvU7UTcRVDf7pi1MmQhdsQ5Hb
3,4iGgCXbjbco8cHoPgud4cJbB7fuBXRHDXXaccHGuGFYsgKAV8Q8x4aoxZyth4jk8pr1gAPzkke8UySGnPkebqpZK
4,2KowtrPgeYaJjFmAWDMvMLNhf1SdqWnFchHdbVaZ9V34Wm6Kcw3Dr6Md3pzkaoD2LD5xqZVoegB7WrPggrdE2fzs
5,DWKZtieiaBpp1abrxMEkdMyW98p82TzTFTMw4v4ifz9qKo18WQ8vkXdZzQ8hrURebjatfqBa4NCX9bRagE1apHC
6,2yVcSZazkeu1vK18c7jLKCdhnUWJiLBagMcu7QPcQhoGUMVgnYnc2QbSiz4rpxcUGfFhAx4q3yZrakUGD7x6tRzs
7,rZTaEZvd6C7mVVvfPkPYPXgR3fETEeMeVGshBnpyeFw4xAXh82LrZgfZg839CDPjfHYPg2ki5fdpi6k1gDym6ok
8,42g711X1U4tbX49iPCuJmWzm9DvpWZ7skzQN68CJ1NJqZ7UPYhZQ4NjqXuDnP2hccXNXf5wMvDTLp6JGvydyDmQE
9,3DTccg6PxbMyUwWGpZoS13hyC86qZvK9VdRWJFvM9pvD8xtL34q4WKZfb8Pv3HqPu6Akd13LTwoVydQceXu6oePN